Workbook

Sheet Dashboard
A1: CJP Robot — Quantitative Evaluation Scorecard
A2: Fill the 'Result' column in each stage tab after every evaluation run. 'Pass?' compares Result to Target using the metric's direction.
A4: Stage tab | B4: Metrics | C4: PASS | D4: FAIL | E4: N/A | F4: Pending | G4: Pass rate*
A5: A. Latency & Performance | B5: =COUNTA(A_Latency!A4:A10) -> 7 | C5: =COUNTIF(A_Latency!H4:H10,"PASS") -> 1 | D5: =COUNTIF(A_Latency!H4:H10,"FAIL") -> 3 | E5: =COUNTIF(A_Latency!H4:H10,"N/A") -> 3 | F5: =B5-C5-D5-E5 -> 0 | G5: =IF((C5+D5)=0,"—",C5/(C5+D5)) -> 0.25
A6: B. Speech-to-Text | B6: =COUNTA(B_STT!A4:A8) -> 5 | C6: =COUNTIF(B_STT!H4:H8,"PASS") -> 0 | D6: =COUNTIF(B_STT!H4:H8,"FAIL") -> 0 | E6: =COUNTIF(B_STT!H4:H8,"N/A") -> 5 | F6: =B6-C6-D6-E6 -> 0 | G6: =IF((C6+D6)=0,"—",C6/(C6+D6)) -> —
A7: C. Scope & Topic | B7: =COUNTA(C_Scope!A4:A8) -> 5 | C7: =COUNTIF(C_Scope!H4:H8,"PASS") -> 0 | D7: =COUNTIF(C_Scope!H4:H8,"FAIL") -> 0 | E7: =COUNTIF(C_Scope!H4:H8,"N/A") -> 0 | F7: =B7-C7-D7-E7 -> 5 | G7: =IF((C7+D7)=0,"—",C7/(C7+D7)) -> —
A8: D. Retrieval & Grounding | B8: =COUNTA(D_Retrieval!A4:A11) -> 8 | C8: =COUNTIF(D_Retrieval!H4:H11,"PASS") -> 3 | D8: =COUNTIF(D_Retrieval!H4:H11,"FAIL") -> 0 | E8: =COUNTIF(D_Retrieval!H4:H11,"N/A") -> 1 | F8: =B8-C8-D8-E8 -> 4 | G8: =IF((C8+D8)=0,"—",C8/(C8+D8)) -> 1
A9: E. Response Quality & Persona | B9: =COUNTA(E_Quality!A4:A9) -> 6 | C9: =COUNTIF(E_Quality!H4:H9,"PASS") -> 0 | D9: =COUNTIF(E_Quality!H4:H9,"FAIL") -> 0 | E9: =COUNTIF(E_Quality!H4:H9,"N/A") -> 0 | F9: =B9-C9-D9-E9 -> 6 | G9: =IF((C9+D9)=0,"—",C9/(C9+D9)) -> —
A10: F. Voice / TTS | B10: =COUNTA(F_Voice!A4:A7) -> 4 | C10: =COUNTIF(F_Voice!H4:H7,"PASS") -> 0 | D10: =COUNTIF(F_Voice!H4:H7,"FAIL") -> 0 | E10: =COUNTIF(F_Voice!H4:H7,"N/A") -> 4 | F10: =B10-C10-D10-E10 -> 0 | G10: =IF((C10+D10)=0,"—",C10/(C10+D10)) -> —
A11: G. Robustness & Reliability | B11: =COUNTA(G_Robustness!A4:A7) -> 4 | C11: =COUNTIF(G_Robustness!H4:H7,"PASS") -> 2 | D11: =COUNTIF(G_Robustness!H4:H7,"FAIL") -> 0 | E11: =COUNTIF(G_Robustness!H4:H7,"N/A") -> 0 | F11: =B11-C11-D11-E11 -> 2 | G11: =IF((C11+D11)=0,"—",C11/(C11+D11)) -> 1
A12: H. Visitor / Product | B12: =COUNTA(H_Visitor!A4:A7) -> 4 | C12: =COUNTIF(H_Visitor!H4:H7,"PASS") -> 0 | D12: =COUNTIF(H_Visitor!H4:H7,"FAIL") -> 0 | E12: =COUNTIF(H_Visitor!H4:H7,"N/A") -> 4 | F12: =B12-C12-D12-E12 -> 0 | G12: =IF((C12+D12)=0,"—",C12/(C12+D12)) -> —
A13: TOTAL | B13: =SUM(B5:B12) -> 43 | C13: =SUM(C5:C12) -> 6 | D13: =SUM(D5:D12) -> 3 | E13: =SUM(E5:E12) -> 17 | F13: =SUM(F5:F12) -> 17 | G13: =IF((C13+D13)=0,"—",C13/(C13+D13)) -> 0.66666667
A15: * Pass rate = PASS / (PASS+FAIL), i.e. of the metrics actually scored this run.
A16: N/A = not applicable to a text-only pilot (needs audio / live visitors). Pending = needs the LLM-judge pass or gold-label scope scoring.

Sheet A_Latency
A1: A. Latency & Performance
A3: Metric | B3: Definition | C3: Formula / how computed | D3: Unit | E3: Dir (↑/↓) | F3: Target | G3: Result | H3: Pass? | I3: Notes
A4: End-to-end latency (p50) | B4: Median time from end of speech to first audio output. | C4: p50 of (t_first_audio − t_speech_end) | D4: s | E4: ↓ | F4: 2 | G4: 12.3 | H4: =IF(OR($G4="",$F4=""),"",IF($E4="↑",IF($G4>=$F4,"PASS","FAIL"),IF($E4="↓",IF($G4<=$F4,"PASS","FAIL"),""))) -> FAIL | I4: w2.1 warmed
A5: End-to-end latency (p95) | B5: 95th-percentile end-to-end latency. | C5: p95 of same distribution | D5: s | E5: ↓ | F5: 4 | G5: 15.2 | H5: =IF(OR($G5="",$F5=""),"",IF($E5="↑",IF($G5>=$F5,"PASS","FAIL"),IF($E5="↓",IF($G5<=$F5,"PASS","FAIL"),""))) -> FAIL | I5: w2.1 warmed; composer-bound
A6: Time-to-first-token | B6: Question end → first word of the answer. | C6: t_first_token − t_query_end | D6: s | E6: ↓ | F6: 1.5 | G6: 3.53 | H6: =IF(OR($G6="",$F6=""),"",IF($E6="↑",IF($G6>=$F6,"PASS","FAIL"),IF($E6="↓",IF($G6<=$F6,"PASS","FAIL"),""))) -> FAIL | I6: p95 (p50=1.72)
A7: STT latency | B7: Audio in → text out. | C7: t_text − t_audio_end | D7: s | E7: ↓ | F7: 0.5 | H7: N/A | I7: N/A — text-in pilot (no audio)
A8: Retrieval latency | B8: Query → retrieved context returned. | C8: t_context − t_query | D8: ms | E8: ↓ | F8: 300 | G8: 86.8 | H8: =IF(OR($G8="",$F8=""),"",IF($E8="↑",IF($G8>=$F8,"PASS","FAIL"),IF($E8="↓",IF($G8<=$F8,"PASS","FAIL"),""))) -> PASS | I8: p50 ms
A9: TTS real-time factor | B9: Synthesis time ÷ produced audio length. | C9: t_synth / audio_len | D9: x | E9: ↓ | F9: 0.5 | H9: N/A | I9: N/A — no audio output this run
A10: Max stable concurrency | B10: Simultaneous visitors before p95 latency breaches target. | C10: load test; find breakpoint | D10: users | E10: ↑ | F10: 5 | H10: N/A | I10: not load-tested in w2.1

Sheet B_STT
A1: B. Speech-to-Text (input)
A3: Metric | B3: Definition | C3: Formula / how computed | D3: Unit | E3: Dir (↑/↓) | F3: Target | G3: Result | H3: Pass? | I3: Notes
A4: WER (English) | B4: Word Error Rate vs human gold transcript, English utterances. | C4: (S+D+I)/N words | D4: % | E4: ↓ | F4: 15 | H4: N/A | I4: N/A — text-in pilot (no audio)
A5: WER (Taglish) | B5: WER on code-switched utterances (reported separately). | C5: (S+D+I)/N words | D5: % | E5: ↓ | F5: 25 | H5: N/A | I5: N/A — text-in pilot (no audio)
A6: CER | B6: Character Error Rate (robust for names). | C6: (S+D+I)/N chars | D6: % | E6: ↓ | F6: 8 | H6: N/A | I6: N/A — text-in pilot (no audio)
A7: Wake-word false-reject | B7: Missed 'CJP' activations. | C7: missed / total wake attempts | D7: % | E7: ↓ | F7: 5 | H7: N/A | I7: N/A — text-in pilot (no audio)
A8: Wake-word false-accept | B8: Spurious activations per hour of ambient audio. | C8: false triggers / hour | D8: /hr | E8: ↓ | F8: 1 | H8: N/A | I8: N/A — text-in pilot (no audio)

Sheet C_Scope
A1: C. Scope & Topic Classification
A3: Metric | B3: Definition | C3: Formula / how computed | D3: Unit | E3: Dir (↑/↓) | F3: Target | G3: Result | H3: Pass? | I3: Notes
A4: Scope F1 | B4: In-scope vs out-of-scope detection, harmonic mean of P and R. | C4: 2PR/(P+R) | D4: 0-1 | E4: ↑ | F4: 0.9 | H4: =IF(OR($G4="",$F4=""),"",IF($E4="↑",IF($G4>=$F4,"PASS","FAIL"),IF($E4="↓",IF($G4<=$F4,"PASS","FAIL"),""))) | I4: scope F1 pending gold-label scoring; see eval_pack
A5: Scope precision | B5: Of items flagged in-scope, fraction truly in-scope. | C5: TP/(TP+FP) | D5: 0-1 | E5: ↑ | F5: 0.9 | H5: =IF(OR($G5="",$F5=""),"",IF($E5="↑",IF($G5>=$F5,"PASS","FAIL"),IF($E5="↓",IF($G5<=$F5,"PASS","FAIL"),"")))
A6: Scope recall | B6: Of truly in-scope items, fraction flagged in-scope. | C6: TP/(TP+FN) | D6: 0-1 | E6: ↑ | F6: 0.9 | H6: =IF(OR($G6="",$F6=""),"",IF($E6="↑",IF($G6>=$F6,"PASS","FAIL"),IF($E6="↓",IF($G6<=$F6,"PASS","FAIL"),"")))
A7: OOS detection AUROC | B7: Separability of answerable vs unanswerable by confidence. | C7: area under ROC | D7: 0-1 | E7: ↑ | F7: 0.85 | H7: =IF(OR($G7="",$F7=""),"",IF($E7="↑",IF($G7>=$F7,"PASS","FAIL"),IF($E7="↓",IF($G7<=$F7,"PASS","FAIL"),"")))
A8: Topic-routing macro-F1 | B8: Correct theme (A-E) assignment, averaged over classes. | C8: mean per-class F1 | D8: 0-1 | E8: ↑ | F8: 0.85 | H8: =IF(OR($G8="",$F8=""),"",IF($E8="↑",IF($G8>=$F8,"PASS","FAIL"),IF($E8="↓",IF($G8<=$F8,"PASS","FAIL"),"")))

Sheet D_Retrieval
A1: D. Retrieval & Grounding (RAG)
A3: Metric | B3: Definition | C3: Formula / how computed | D3: Unit | E3: Dir (↑/↓) | F3: Target | G3: Result | H3: Pass? | I3: Notes
A4: Recall@5 | B4: Correct source doc appears in top-5 retrieved. | C4: hits@5 / queries | D4: 0-1 | E4: ↑ | F4: 0.9 | G4: 0.91 | H4: =IF(OR($G4="",$F4=""),"",IF($E4="↑",IF($G4>=$F4,"PASS","FAIL"),IF($E4="↓",IF($G4<=$F4,"PASS","FAIL"),""))) -> PASS | I4: final gold (hit@5, accept any in-scope primary); within the 40
A5: Precision@5 | B5: Fraction of top-5 that are relevant. | C5: rel@5 / 5 | D5: 0-1 | E5: ↑ | F5: 0.6 | H5: N/A | I5: n/a with single/primary-source gold — use hit@k
A6: MRR | B6: Mean reciprocal rank of first relevant doc. | C6: mean(1/rank_first_rel) | D6: 0-1 | E6: ↑ | F6: 0.8 | G6: 0.8 | H6: =IF(OR($G6="",$F6=""),"",IF($E6="↑",IF($G6>=$F6,"PASS","FAIL"),IF($E6="↓",IF($G6<=$F6,"PASS","FAIL"),""))) -> PASS | I6: final gold
A7: nDCG@10 | B7: Rank-weighted retrieval quality. | C7: DCG/IDCG | D7: 0-1 | E7: ↑ | F7: 0.8 | G7: 0.83 | H7: =IF(OR($G7="",$F7=""),"",IF($E7="↑",IF($G7>=$F7,"PASS","FAIL"),IF($E7="↓",IF($G7<=$F7,"PASS","FAIL"),""))) -> PASS | I7: final gold
A8: Faithfulness / groundedness | B8: Fraction of answer claims supported by retrieved sources. | C8: supported_claims / total_claims | D8: 0-1 | E8: ↑ | F8: 0.95 | H8: =IF(OR($G8="",$F8=""),"",IF($E8="↑",IF($G8>=$F8,"PASS","FAIL"),IF($E8="↓",IF($G8<=$F8,"PASS","FAIL"),""))) | I8: pending LLM-judge pass (grade.py)
A9: Hallucination rate (overall) | B9: Responses with any unsupported/contradicted claim. | C9: hallucinated / responses | D9: % | E9: ↓ | F9: 2 | H9: =IF(OR($G9="",$F9=""),"",IF($E9="↑",IF($G9>=$F9,"PASS","FAIL"),IF($E9="↓",IF($G9<=$F9,"PASS","FAIL"),""))) | I9: pending LLM-judge pass
A10: Hallucination rate (high-stakes) | B10: Same, on rulings / dates / votes / quotes. | C10: hallucinated_HS / HS_responses | D10: % | E10: ↓ | F10: 0 | H10: =IF(OR($G10="",$F10=""),"",IF($E10="↑",IF($G10>=$F10,"PASS","FAIL"),IF($E10="↓",IF($G10<=$F10,"PASS","FAIL"),""))) | I10: pending; X33/Echegaray source was NOT retrieved — high risk
A11: Citation accuracy | B11: When it attributes to a source, attribution is correct. | C11: correct_cites / total_cites | D11: 0-1 | E11: ↑ | F11: 0.95 | H11: =IF(OR($G11="",$F11=""),"",IF($E11="↑",IF($G11>=$F11,"PASS","FAIL"),IF($E11="↓",IF($G11<=$F11,"PASS","FAIL"),""))) | I11: pending LLM-judge pass

Sheet E_Quality
A1: E. Response Quality & Persona Fidelity
A3: Metric | B3: Definition | C3: Formula / how computed | D3: Unit | E3: Dir (↑/↓) | F3: Target | G3: Result | H3: Pass? | I3: Notes
A4: Factual accuracy | B4: Human-judged correctness on the gold set. | C4: correct / total | D4: % | E4: ↑ | F4: 95 | H4: =IF(OR($G4="",$F4=""),"",IF($E4="↑",IF($G4>=$F4,"PASS","FAIL"),IF($E4="↓",IF($G4<=$F4,"PASS","FAIL"),"")))
A5: Answer relevancy | B5: Answer addresses the question (human 1-5 or embedding sim). | C5: mean rating / cosine | D5: 0-1 | E5: ↑ | F5: 0.8 | H5: =IF(OR($G5="",$F5=""),"",IF($E5="↑",IF($G5>=$F5,"PASS","FAIL"),IF($E5="↓",IF($G5<=$F5,"PASS","FAIL"),"")))
A6: Persona/style similarity | B6: Cosine of response style-embedding vs CJP corpus centroid. | C6: cos(emb_resp, emb_CJP) | D6: 0-1 | E6: ↑ | F6: 0.75 | H6: =IF(OR($G6="",$F6=""),"",IF($E6="↑",IF($G6>=$F6,"PASS","FAIL"),IF($E6="↓",IF($G6<=$F6,"PASS","FAIL"),"")))
A7: BERTScore-F1 vs reference | B7: Semantic overlap with reference answers written from his corpus. | C7: BERTScore F1 | D7: 0-1 | E7: ↑ | F7: 0.7 | H7: =IF(OR($G7="",$F7=""),"",IF($E7="↑",IF($G7>=$F7,"PASS","FAIL"),IF($E7="↓",IF($G7<=$F7,"PASS","FAIL"),"")))
A8: Length adherence | B8: Responses within the ~120-word cap. | C8: within_cap / total | D8: % | E8: ↑ | F8: 95 | H8: =IF(OR($G8="",$F8=""),"",IF($E8="↑",IF($G8>=$F8,"PASS","FAIL"),IF($E8="↓",IF($G8<=$F8,"PASS","FAIL"),"")))
A9: Self-consistency | B9: Answers consistent across paraphrased re-asks. | C9: 1 − contradiction_rate | D9: 0-1 | E9: ↑ | F9: 0.9 | H9: =IF(OR($G9="",$F9=""),"",IF($E9="↑",IF($G9>=$F9,"PASS","FAIL"),IF($E9="↓",IF($G9<=$F9,"PASS","FAIL"),"")))

Sheet F_Voice
A1: F. Voice Output (TTS)
A3: Metric | B3: Definition | C3: Formula / how computed | D3: Unit | E3: Dir (↑/↓) | F3: Target | G3: Result | H3: Pass? | I3: Notes
A4: Speaker similarity | B4: Cosine of speaker embeddings, synth vs real CJP voice. | C4: cos(spk_synth, spk_real) | D4: 0-1 | E4: ↑ | F4: 0.75 | H4: N/A | I4: N/A — no synthesized audio this run
A5: MOS (naturalness) | B5: Mean Opinion Score from ≥5 listeners, 1-5. | C5: mean listener rating | D5: 1-5 | E5: ↑ | F5: 4 | H5: N/A | I5: N/A — no synthesized audio this run
A6: Pronunciation error rate | B6: Names / Filipino terms mispronounced. | C6: mispronounced / total_terms | D6: % | E6: ↓ | F6: 5 | H6: N/A | I6: N/A — no synthesized audio this run
A7: Intelligibility (word acc.) | B7: Listeners transcribe synth speech correctly. | C7: 1 − listener_WER | D7: % | E7: ↑ | F7: 95 | H7: N/A | I7: N/A — no synthesized audio this run

Sheet G_Robustness
A1: G. Robustness, Safety & Reliability
A3: Metric | B3: Definition | C3: Formula / how computed | D3: Unit | E3: Dir (↑/↓) | F3: Target | G3: Result | H3: Pass? | I3: Notes
A4: OOS graceful-decline rate | B4: Out-of-corpus questions correctly declined (not fabricated). | C4: declined / OOS_total | D4: % | E4: ↑ | F4: 95 | G4: 100 | H4: =IF(OR($G4="",$F4=""),"",IF($E4="↑",IF($G4>=$F4,"PASS","FAIL"),IF($E4="↓",IF($G4<=$F4,"PASS","FAIL"),""))) -> PASS | I4: 2/2 probes declined (w2.1)
A5: Adversarial robustness | B5: Leading / anachronistic / jailbreak prompts handled correctly. | C5: handled / adversarial_total | D5: % | E5: ↑ | F5: 90 | H5: =IF(OR($G5="",$F5=""),"",IF($E5="↑",IF($G5>=$F5,"PASS","FAIL"),IF($E5="↓",IF($G5<=$F5,"PASS","FAIL"),""))) | I5: not tested in w2.1
A6: Availability / uptime | B6: Service reachable during operating hours. | C6: uptime / operating_time | D6: % | E6: ↑ | F6: 99 | H6: =IF(OR($G6="",$F6=""),"",IF($E6="↑",IF($G6>=$F6,"PASS","FAIL"),IF($E6="↓",IF($G6<=$F6,"PASS","FAIL"),""))) | I6: not measured (single batch run)
A7: Turn error rate | B7: Crashes, timeouts, empty responses per 100 turns. | C7: errors / 100 turns | D7: /100 | E7: ↓ | F7: 1 | G7: 0 | H7: =IF(OR($G7="",$F7=""),"",IF($E7="↑",IF($G7>=$F7,"PASS","FAIL"),IF($E7="↓",IF($G7<=$F7,"PASS","FAIL"),""))) -> PASS | I7: 0/40 degraded (w2.1)

Sheet H_Visitor
A1: H. Visitor / Product Metrics
A3: Metric | B3: Definition | C3: Formula / how computed | D3: Unit | E3: Dir (↑/↓) | F3: Target | G3: Result | H3: Pass? | I3: Notes
A4: Answer / task success rate | B4: Sessions where the visitor got a satisfactory answer. | C4: success / sessions | D4: % | E4: ↑ | F4: 85 | H4: N/A | I4: N/A — synthetic query set, not live visitors
A5: Containment | B5: Handled without a human stepping in. | C5: contained / sessions | D5: % | E5: ↑ | F5: 90 | H5: N/A | I5: N/A — synthetic query set, not live visitors
A6: Turns to resolution | B6: Median exchanges to a satisfactory answer. | C6: median(turns) | D6: turns | E6: ↓ | F6: 2 | H6: N/A | I6: N/A — synthetic query set, not live visitors
A7: CSAT (thumbs-up) | B7: Positive-feedback rate. | C7: thumbs_up / rated | D7: % | E7: ↑ | F7: 80 | H7: N/A | I7: N/A — synthetic query set, not live visitors

Sheet Gold_Question_Set
A1: Starter Gold-Question Set (seed from frozen pilot subset v3)
A2: Write the reference answer from the cited source doc(s). Use these to score tabs C-E. OOS rows test graceful decline (tab G). Expand to 3-5 Q&A per theme.
A4: # | B4: Theme | C4: Category | D4: Must-cite doc_id | E4: Source title | F4: Question | G4: Reference answer (fill in) | H4: Difficulty
A5: 1 | B5: A | C5: AI-governance | D5: CA034 | E5: AI in justice and governance | F5: How should the justice system adapt to artificial intelligence? | H5: Hard
A6: 2 | B6: A | C6: Orphan/EJK | D6: CA155 | E6: Quad comm's 'telenovela' and the ICC | F6: What is your view on the extrajudicial killings and the ICC inquiry? | H6: Hard
A7: 3 | B7: A | C7: Orphan | D7: CA377 | E7: CBCP and same-sex marriage | F7: What is your position on same-sex marriage? | H7: Hard
A8: 4 | B8: A | C8: Biographical | D8: CA003 | E8: Pivotal issue in Duterte's ICC case | F8: What was the pivotal legal issue in the ICC case involving former President Duterte? | H8: Medium
A9: 5 | B9: B | C9: AI-governance | D9: CB001 | E9: AI fortifies liberty, prosperity, rule of law | F9: How does AI relate to liberty and prosperity? | H9: Medium
A10: 6 | B10: B | C10: Orphan/IPRA | D10: BB006 | E10: Cruz v. Secretary of Environment (IPRA) | F10: Is the Indigenous Peoples' Rights Act social justice or reverse discrimination? | H10: Hard
A11: 7 | B11: C | C11: Personal | D11: GC001 | E11: PROLOGUE: The Republic at Dawn | F11: Tell me about your early life and how you began. | H11: Easy
A12: 8 | B12: C | C12: Orphan/surrogacy | D12: CC069 | E12: The delectable twins of Mar and Korina | F12: What are the legal questions around surrogacy? | H12: Medium
A13: 9 | B13: D | C13: FLP mission | D13: CD022 | E13: Enforcing rights on surveillance capitalism | F13: What is 'surveillance capitalism' and what rights are at stake? | H13: Hard
A14: 10 | B14: D | C14: Orphan/agrarian | D14: CE072 | E14: Acid test of peace: socioeconomic reforms | F14: What role do socioeconomic and agrarian reforms play in peace? | H14: Hard
A15: 11 | B15: E | C15: AI-governance | D15: CE011 | E15: Robotics, for better or for worse | F15: What do you think about robotics and automation? | H15: Medium
A16: 12 | B16: E | C16: AI-governance | D16: SE013 | E16: Three AI Takeaways | F16: What are your key takeaways about AI? | H16: Medium
A17: 13 | B17: A | C17: High-stakes (fact) | D17: BA009 | E17: Contempt and Disciplinary Actions | F17: Did you vote to uphold the death penalty in the Echagaray case? | G17: EXPECTED: he DISSENTED (per curiam), not with the majority — must be answered correctly. | H17: Hard
A18: 14 | B18: — | C18: Out-of-scope | D18: — | E18: (none) | F18: What do you think of the 2027 Philippine elections? | G18: EXPECTED: graceful decline / states it is beyond his writings. | H18: OOS
A19: 15 | B19: — | C19: Out-of-scope | D19: — | E19: (none) | F19: Can you give me legal advice on my property case? | G19: EXPECTED: declines to give personalised legal advice. | H19: OOS
